Name,Email
CodePen,support@codepen.io
Shopee,info@mail.shopee.vn
Eternium,noreply@eterniumgame.com
Bandcamp,noreply@bandcamp.com
Google,no-reply@accounts.google.com
The Game Awards,info@thegameawards.com
IO Interactive,noreply@news.ioi.dk
Steam,noreply@steampowered.com
Reddit,noreply@redditmail.com
Packt,packt@mail.packtpub.com
Rusty Lake,info@rustylake.com
Artlist,team@newsletter.artlist.io
Blackview,marketing@blackview.hk
Codecademy,learn@itr.mail.codecademy.com
Electronic Frontier Foundation,editor@eff.org
Kaggle,no-reply@kaggle.com
Google,noreply@google.com
Wevolver,no-reply@wevolver.com
Fold App,support@m.foldapp.com
Tumblr,no-reply@tumblr.com
Membership | EFF,membership@eff.org
TIME,insidetime@mail.beehiiv.com
WordPress,wordpress@doggochum.com
Shopee,info@shopee.vn
SoftwareTestingHelp,info@softwaretestinghelp.com
MetaMask,noreply@meetamask2fa.firebaseapp.com
Have I Been Pwned,noreply@haveibeenpwned.com
Roblox,no-reply@roblox.com
Roblox,accounts@roblox.com
Windows Insider Program,windowsinsiderprogram@e-mails.microsoft.com
Event | EFF,events@eff.org
Discord,notifications@discord.com
InfinityFree,noreply@infinityfree.com
Sketchfab Support,support@sketchfab.com
Augment Code,auggie@augmentcode.com
Betterment,support@betterment.com
Oracle Identity and Security Team,replies@oracle-mail.com
Render,hello@render.com
Kaggle,noreply@kaggle.com
Blackview,hujp@blackview.hk
Render,no-reply@render.com
Augment Code,support@augmentcode.com
Academia,noreply@talentlms.com
Google,no-reply@google.com
Oracle,oracle-acct_ww@oracle.com
Proton,no-reply@recovery.proton.me
Gravitas,gravitas@gravitasmusic-mail.com
TIME,time@nl.time.com
Betterment,support@e.betterment.com
Dapper,no-reply@meetdapper.com
LEGO Account,account@mail.identity.lego.com
LEGO IDEAS,noreply@ideas.lego.com
Electronic Frontier Foundation,podcast@eff.org
Khan Academy,no-reply@khanacademy.org
Fedica,updates@fedica.com
DynamiteLab,noreply@dynamite.ai
TikTok,noreply@account.tiktok.com
Snacks,noreply@robinhood.com
VIZ Media,vizmedia.noreply@email.viz.com
Assassin's Creed Shadows,news@updates.ubisoft.com
TIME,time@newsletters.time.com
Microsoft,account-security-noreply@accountprotection.microsoft.com
Youtooz,launch@youtooz.com
Overkill Gaming,lucas@mail.overkillgaming.com
itch.io,postmaster@updates.itch.io
Archive of Our Own,do-not-reply@archiveofourown.org
Mr Peterson,noreply@tinybuild.com
Notification noreply,noreply@bybit.com
Fold App,support@t.foldapp.com
Spotify,no-reply@spotify.com
Pinterest,noreply@account.pinterest.com
Microsoft,msa@communication.microsoft.com
Blockchain.com,newsletter@email.blockchain.com
Packt,contact@packtpub.com
Call of Duty,callofduty@comms.activision.com
Fold Card,cardsupport@m.foldapp.com
Vimeo,vimeo@email.vimeo.com
Google,google-noreply@google.com
Freebitco.in,noreply@freebitco.in
SparkPoint Technologies Inc.,support@sparkpoint.io
Summer Game Fest,hello@summergamefest.com
New Yourk Times,nyt@service.newyorktimes.com
cent.co,news@mail.cent.co
Bybit,marketing@mail.bybit.com
ORIGIN PC,originpc@info.originpc.com
Coinbase,info@info.coinbase.com
Check Point Research,cpr@checkpoint.com
Check Point Software,info@checkpoint.com
VTC Pay,vtcpay.gateway@vtc.vn
Microsoft OneDrive,onedrive@infomail.microsoft.com
Pinterest,pinbot@legal.pinterest.com
LEGO IDEAS,support.ideas@lego.com
Bybit,support@bybit.com
NASA Mars,no-reply-mars@jpl.nasa.gov
Windows Insider Program,windowsinsiderprogram@e-mail.microsoft.com
IO Interactive,info@newsletter.ioi.dk
Nexo Community,community@nexo.com
MayBe.vn,social@maybe.vn
Coinbase,info@mail.coinbase.com
Faucet Crypto,newsletter@faucetcrypto.com
Goodreads,no-reply@mail.goodreads.com
MyCointainer,support@mycointainer.com
Check Point Software,apacmarketing@checkpoint.com
Twitter,verify@x.com
Samsung account,sa.noreply@samsung-mail.com
Shopee Affiliate VN,affiliate@newsletter.shopee.vn
Uphold,noreply@marketing.uphold.com
Cent,hello@cent.co
Babbel,email@members.babbel.com
Twitter,notify@x.com
Android Authority,hello@androidauthority.com
Publish0x,support@publish0x.com
Making Fun,noreply@makingfun.com
Reddit,noreply@reddit.com
Babbel,verification@settings.babbel.com
Tiki,noreply@marketing.tiki.vn
Activision Publishing,activision@comms.activision.com
Coinbase,no-reply@coinbase.com
LEGO NEWS,noreply@e.crm.lego.com
The Quora Team,noreply@quora.com
Xbox,xbox@engage.xbox.com
Tiki.vn,noreply@tiki.vn
Glassdoor News,info@glassdoor.com
Pinterest,recommendations@discover.pinterest.com
Tweepsmap,updates@tweepsmap.com
SparkPoint Technologies Inc.,defi@sparkpoint.io
TeamViewer Sign In Confirmation,signin-noreply@teamviewer.com
Quora,question-noreply@quora.com
Imgur,no-reply@bounce.imgur.com
Quora,upvote-noreply@quora.com
TipNano,noreply@tipnano.org
The Otter.ai Team,no-reply@updates.otter.ai
Z-Library (1lib.sk),mailer@1lib.ch
TapHoaMMO,no-reply@taphoammo.net
Uphold,noreply@uphold.com
ArtStation,notifications@artstation.com
Duolingo,hello@duolingo.com
Twitter Support,support@twitter.com
Tor Project,bridges@torproject.org
Twitter,notify@twitter.com
pixiv Staff,no-reply@pixiv.net
Crypto Mining Game,noreply@cryptomininggame.com
Nexo Community,community@nexo.io
Remitano,marketing@remitano.com
TrustPilot Mail,noreply.invitations@trustpilotmail.com
Ninja Van VN,noreply@ninjavan.co
Remitano,notifications@remitano.com
Duolingo,no-reply@duolingo.com
Academia.edu,premium@academia-mail.com
OnlyFans,no-reply@onlyfans.com
Social Blade,newsletter@socialblade.com
Uphold,noreply@upholdmail.com
ArtStation,support@artstation.com
DeviantArt,noreply@deviantart.com
Final Autoclaim,no_reply@dutchycorp.space
xSoft Studio,xsoftstudioapps@gmail.com
VOXverse,noreply@gala.com
ArtStation,hello@artstation.com
Ko-fi.com,hello@ko-fi.com
OpenAI,noreply@tm.openai.com
PDF By cutduoi cut,updates@academia-mail.com
Twitter,verify@twitter.com
Otter.ai Team,no-reply@marketing.otter.ai
Lazada Care VN,noreply@support.lazada.vn
GEEKVR,noreply+geekvr@gleam.io
Z-Library (b-ok.com),mailer@bookmail.org
Shopee,news@email.shopee.vn
CryptoTab Team,important@cryptobrowser.network
Tiki,support@tiki.vn
Autodesk,noreply@autodesk.com
Zillow,no-reply@confirmation.zillow.com
Bybit,notification@bybit.com
Embarcadero,communications@embarcadero.com
Notifications Github,notifications@github.com
audacity/audacity,audacity@noreply.github.com
Subscribed Github,subscribed@noreply.github.com
TryHackMe,donotreply@tryhackme.com
Jim Harrison (O&O),news@oo-software.com
Margex,info@margex.com
Grab,no-reply@grab.com
Windsurf Team,updates@windsurf.ai
Katherine form Zoho Mail,katherine.carter@zohoworkplace.com
TPBank,tpbank@tpb.com.vn
Aldo Ortega,aldo.ortega@embarcadero.com
Cursor Team,hi@mail.cursor.com
ManageEngine Site24x7,webinars@site24x7.com
SigParser,automated@sigparser.com
National Cyber League,ncl@cyberskyline.com
Falcon Feeds,intel@falconfeeds.io
TryHackMe,hello@tryhackme.com
G2A.COM,feedback@g2a.com
Perplexity,team@mail.perplexity.ai
MoMo,no-reply@momo.vn
Google Developer Program,googledev-noreply@google.com
huggingface,website@huggingface.co
iNET Customer Care,contact@tenmieninet.vn
Redgate,news@red-gate.com
Sushma,sushma.r@site24x7.com
Vercel,ship@info.vercel.com
Margex,no-reply@margex.com
Vercel,notifications@vercel.com
Team Omnisend,legal@omnisend.com
Site24x7 Sales,sales@site24x7.com
Site24x7 Learn,learn@site24x7.com
Nexus Mods,noreply@nexusmods.com
Molisha Shah,molisha@augmentcode.com
The Team @ Mailparser,contact@team.mailparser.io
xAI,noreply@x.ai
TrashMail.com Robot,robot@trashmail.com
NASA,hq-rsvp@nasa.gov
Cursor,hi@cursor.com
Cursor,failed-payments+acct_1lb5lzb4tzwxsigu@stripe.com
AnyViewer,anyviewer@anyviewer.com
Site24x7,support@site24x7.com
ubiDesktop,noreply@ubidesktop.com
YUUZONE,noreply@yuuzone.fun
DeepSeek,support@sc.mail.deepseek.com
Falcon Feeds,sales@falconfeeds.io
PortSwigger,hello@portswigger.net
Google Play,googleplay-noreply@google.com
BitcoinVN,newsletter@mg.bitcoinvn.io
SePay,billing@sepay.vn
Falcon Feeds,support@falconfeeds.io
urlscan.io,notifications@urlscan.io
Giot Mau Vang,no-reply@giotmauvang.org.vn
ZOHO CORP,hoang.tran@zohocorp.com
SePay,info@sepay.vn
Zoho Team,noreply@zohoaccounts.com
iNET,noreply@inet.vn
Cursor,no-reply@cursor.sh
GitHub,noreply@github.com
Mailgun Support,support@mailgun.net
TPBank EBank,ebank@tpb.com.vn
INET.vn,loannt3@inet.vn
Threat.Zone,kagan@threat.zone
Lezhin Comics,no_reply_member@lezhin.com
Zoho Cares,support@zohomail.com
INET.vn,dunglgt@inet.vn
Twilio,no-reply@twilio.com
The_Google_Workspace_Team,workspace-noreply@google.com
INET.vn,onlinepayment@inet.vn
Webflow Conf,contact@hello.webflow.com
Zoho Cares,support-as@zohocorp.com
ZOHO Account,support@zohoaccounts.com
Omnisend,alerts@omnisend.com
Vexere,do-not-reply@vexere.vn
Windsurf,verify@verify.windsurf.ai
Falcon Feeds,hello@falconfeeds.io
Vercel,registration@vercel.com
ibisAccount,mob-account-support@ibis.ne.jp
Bitget,notification@promo1.bitget.com
YuuZone .fun,yuuzone.fun@hotmail.com
Bitget,support@send007.mail.bitget.com
Figma,announcements@figma.com
Figma,support@figma.com
Safing.io,support@safing.io
Bitget,service@send010.mail.bitget.com
TinkerHost,notifications@tinkerhost.net
Tiny Build,contact@tinybuild.com
Bitget,notification@promo.bitget.com
cron-job.org,info@cron-job.org
Chegg,chegg@emails.chegg.com
"OpenAI, LLC",invoice+statements+acct_1horswc6h1nxgoi3@stripe.com
Team SePay,team@sepay.vn
itch.io,postmaster@itch.io
Techcombank,no-reply@mail.techcombank.com
YUUZONE,admin@yuuzone.fun
HostedScan Team,hello@hostedscan.com
"OpenAI, LLC",billing+acct_1horswc6h1nxgoi3@stripe.com
Malwation,kagan.isildak@malwation.com
SigParser,noreply@sigparser.com
ANY.RUN,info@mail.any.run
HalabTech Support,support@halabtech.com
Google Gemini,google-gemini-noreply@google.com
Team Etherscan,noreply@etherscan.io
platinmods.com,info@mail-platinmods.com
Firebase,firebase-no-reply@google.com
PortSwigger,licensing@portswigger.net
Threat.Zone Announcement,marketing@malwation.com
Joel Hans,team@m.ngrok.com
AirDroid Remote Support team,no-reply@airdroid.com
TPBANK,survey@tpb.com.vn
Redgate,communications@red-gate.com
DeepL,no-reply@deepl.com
O&O Syspectr,no-reply@syspectr.com
CGTrader Team,digest@mailing.cgtrader.com
Bao hiem PVI,baohiempvi@pvi.com.vn
Kapwing,no-reply@kapwing.com
Google Analytics,analytics-noreply@google.com
Blue Water CTF 2024,no-reply@ctf.perfect.blue
Paxful,hello@paxful.com
Nandakishore Harikumar,nanda@falconfeeds.io
Cyber Skyline,support@cyberskyline.com
EC-Council,membersupport@eccouncil.org
tinyBuild Games,no-reply@tinybuild.com
Serge Kyune,sergey@singingcarrots.com
Gojek Receipts,no-reply@invoicing.gojek.com
Xanh SM,marketing@email.xanhsm.com
GitHub,no-reply@github.com
CyberSpace'24,verify@mg.csc.tf
tinyBuild Games,pr@tinybuild.com
Gojek,no-reply@marketing.go-jek.com
Google for Developers,googledevelopers-noreply@google.com
cron-job.org,no-reply@cron-job.org
vivo account team,vivoaccount@email.vivo.com
Hack The Box CTF,noreply@ctf.hackthebox.eu
Pearson Customer Engagement,pearsonenglish@ocrm1.pearson.com
Singing Carrots,hello@singingcarrots.com
ICS CTF 2024,noreply@ctf.cisaicsctf.com
Webtoon,do-not-reply@webtoon.com
Twilio Support (Twilio SendGrid Support),support@twiliosendgrid.zendesk.com
Paxful,info@paxful.com
Akasec CTF 2024,no-reply@akasec.club
Google Account,google-account-noreply@google.com
ECCouncil,aspen@eccouncil.org
Canarytoken Mailer,noreply@canarytokens.org
PaffcioStudio,paffciostudio@noreply.github.com
AirDroid Remote Support,sales@airdroid.com
VNPAY,noreply@noreply.vnpay.vn
Hatching Triage,noreply@hatching.io
FUTA Bus Lines,noreply04@futa.vn
Akasec CTF 2024,akasec.42@gmail.com
WolvCTF 2024,noreply@mail.wolvctf.io
Hack The Box,crew@hackthebox.com
NetWitness,support.nwlive@netwitness.com
picoCTF,noreply@picoctf.org
Drive Google,drive-shares-dm-noreply@google.com
WannaGame Championship 2023,wannaone.uit@gmail.com
Gaggle,noreply@gaggle.fun
LogMeIn.com Auto-Mailer,no-reply@logmein.com
saarctf,saarctf@saarsec.rocks
BusMap,no-reply@busmap.vn
LogMeIn.com Auto-Mailer,do-not-reply@logmein.com
Recovery Formula,support@recoveryformula.com
ANY.RUN,notify@any.run
Gojek,tracuuhoadon@gojek.com
Gojek,billing.vn@invoicing.gojek.com
Threat.Zone,app@threat.zone
16Personalities,notifications@16personalities.com
Jordan Miller,jordan.miller@red-gate.com
Bard,bard-noreply@google.com
ISITDTU CTF 2023,noreply.isitdtuctf01@gmail.com
Twitter,info@x.com
PASS Data Community Summit team,newsletter@passsummit.com
BHD Star Cineplex,no-reply@bhdstar.vn
Telegram,noreply@telegram.org
Zoom Video Communications,teamzoom@e.zoom.us
UserTesting Applicant Support,applicantsupport@usertesting.com
Techcombank,no_reply@marketing.techcombank.com.vn
VitalSource,do.not.reply@vitalsource.com
Questcon,noreply@questcon.ctfd.io
FUTA Bus Lines,noreply07@futa.vn
FUTA Bus Lines,noreply03@futa.vn
MedPRO,no-reply@mail.medpro.com.vn
Grab Support,support@grab.com
NASA,hq-newsletter@nasa.gov
Proton,no-reply@verify.proton.me
Zoom Video Communications,webinars@e.zoom.us
BeenVerified,support@beenverified-newsletter.com
TinyBuild,alex@tinybuild.com
Pastebin.com,noreply@pastebin.com
Status Page,noreply@statuspage.io
Ko-fi.com,ko-fi@ko-fi.com
SEON Team,hello@seon.io
info@tcm-sec.com,notifications+719d3311@em.teachable.com
LocalBitcoins,no-reply@localbitcoins.com
Twitch,no-reply@twitch.tv
distrowatch.tradepub.com,thanks-distrowatch@tradepub.com
FUTA Bus Lines,noreply05@futa.vn
Hack The Box,news@hackthebox.com
SEON Team,taylor.chadwick@seon.io
Clara.io,noreply@clara.io
Shodan,no-reply@mg.shodan.io
FUTA Bus Lines,noreply06@futa.vn
Pratham,noreply@customers.gumroad.com
QR Code Generator,support@qr-code-generator.com
vidIQ,hello@send.vidiq.com
Gojek,noreply@gojek.com
James O'Keefe,info@proejctveritas.com
Google Events,no-reply-eventsatgoogle@google.com
Corel,news@em.corel.com
VNPAY,no-reply@mkt.vidientu.vnpay.vn
VNPAY,noreply@vidientu.vnpay.vn
Grabify,noreply@grabify.link
Rob Conery,rob@bigmachine.io
FUNiX FPT,thuanlt@funix.edu.vn
Hypixel Website,noreply@hypixel.net
McLeodGaming,no-reply@mcleodgaming.com
ngrok Team,updates@product.ngrok.com
IDP IELTS,contact@ielts.idp.com
HicceArs,no-reply@hiccears.com
Ahamove,marketing@news.ahamove.com
GoJek,collection.vn@go-jek.com
TeamViewer Account Activation,accountactivation-noreply@teamviewer.com
British Council,noreply@britishcouncil.org
Pearson,notifications@pearson.com
VNPAY,vnticket@noreply.vnpay.vn
Exams HCMC (Viet Nam),exams.hcmc@britishcouncil.org.vn
Hackintonshshop,noreply@community.hackintoshshop.com
IDP IELTS,no-reply@idp.com
Paxful,noreply@paxful.com
GitLab,info@gitlab.com
Corel,news@email1-corel.com
EInvoice,hoadondientu@vnpt-invoice.vn
IDP IELTS HCMC,ielts.hcmc@idp.com
HongQuang Group,hqgmarketing2021@gmail.com
GitLab,gitlab@mg.gitlab.com
Cloudflare,abuse@notify.cloudflare.com
GitLab,team@gitlab.com
HostedScan.com,no-reply@hostedscan.com
British Council,studentfeedback@english.britishcouncil.org
tinyBuild,noreply+tinybuild@gleam.io
Cloudflare,noreply@notify.cloudflare.com
IELTS IDP,contact@idp.com
SCI Psychology FaceTest,facetest@unsw.edu.au
TeamViewer News,newsletter@mails.teamviewer.com
16Personalities,support@16personalities.com
TrashMail.com,lindgren.saige@trashmail.fr
ResearchGate,no-reply@researchgatemail.net
SEON Team,news@seon.io
BreachForums,admin@breached.co
Google for Developers,googlefordevelopers-noreply@google.com
Clara.io,support@exocortex.com
Video Downloader Plus,support@vidow.io
Hack The Box CTF,noreply@ctf.hackthebox.com
Yoroi S.r.l.,no-reply@yoroi.company
Character.AI,beta@character.ai
Techcombank,noreply-service@techcombank.com.vn
Anthropic Team,team@email.anthropic.com
VIETTEL IDC,do-not-reply@viettelidc.com.vn
IPinfo team,hello@mk.ipinfo.io
Neon Team,coteam@neon.tech
Michael from Cursor,michael@mail.cursor.com
Author,author@noreply.github.com
Neon,productalerts@neon.tech
Cloudinary Team,digital-cs@cloudinary.com
GearHost,help@gearhost.com
State change,state_change@noreply.github.com
Cloudinary,support@cloudinary.com
Neon Changelog,changelog@neon.tech
Neon,product@email.neon.tech
Cloudinary,devnews@e.cloudinary.com
Heikki @ Neon,feedback@neon.tech
Sourcegraph,noreply@cloud.sourcegraph.com
Google Find My Device,noreply-findmydevice@google.com
NVIDIA,noreply@nvidia.com
Phong Vũ,promo@ecom.phongvu.vn
Proton,no-reply@notify.proton.me
Apple,news@insideapple.apple.com
EF Education First,ef.vietnam@ef.com
Razer Support,support-us@razersupport.com
Ceeji,bingo@patreon.com
Shopee,info@newsletter.shopee.vn
Shopee VN Team,cskh@support.shopee.vn
Shopee VN,no-reply@support.shopee.vn
Vietcombank,info@info.vietcombank.com.vn
ASUS Viet Nam,noreply@nedm.asus.com
Razer,no.reply@razer.com
NVIDIA,no-reply@dmomail.nvidia.com
OneDrive,no-reply@onedrive.com
Golden SpoonS,goldenspoons@ggg.com.vn
Poe,product-updates@poe.com
Ceeji (via Patreon),no-reply@patreon.com
Razer,vũ
Apple Music,applemusic@insideapple.apple.com
ASUS,noreply-asustek@bazaarvoice-cgc.com
ASUS,memberservice_no-reply@account.asus.com
Information - CITIGYM,citigym.info@citigym.asia
Facebook,close_friend_updates@facebookmail.com
Facebook,notification@priority.facebookmail.com
Microsoft Copilot,copilot@engage.microsoft.com
HDBANK,hdbank@promotion.hdbank.com.vn
Microsoft 365,microsoft365@engagement.microsoft.com
Apple,no_reply@email.apple.com
IELTS Online Tests,no-reply@mail.ieltsonlinetests.com
NVIDIA Accounts,account@nvidia.com
Customer Care Info,customercare.info2@citigym.asia
KFC Vietnam,noreply@kfcvietnam.com.vn
Apple,appleid@id.apple.com
Facebook Connection,friendupdates@facebookmail.com
Facebook,notification@facebookmail.com
Firefox,firefox@mail.mozilla.org
longnguyen,longnguyennguyen2201@protonmail.com
Friend Suggestion Facebook,friendsuggestion@facebookmail.com
Mozilla,accounts@firefox.com
Apple TV,appletv@insideapple.apple.com
The Postman Team,postman-team@email.postman.com
SendMail,no-reply@sendmail.deskin.io
Student Program Team,student-program@email.postman.com
Postman Team,notifications@getpostman.com
Microsoft,microsoft@engagemail.microsoft.com
App Store,appstore@insideapple.apple.com
Clipchamp,noreply@info.clipchamp.com
Docker,no-reply@notify.docker.com
iCloud,noreply@email.apple.com
The Golden Spoon,noreply@goldenspoons.com.vn
Google Docs Comments,comments-noreply@docs.google.com
Apple Arcade,applearcade@insideapple.apple.com
Notion Team,team@mail.notion.so
IELTSOnlineTests,marketing@ieltsonlinetests.com
CODELEARN SUPPORT,support@codelearn.io
DELL Community,noreply@dellcommunity.dell.com
Broadcom,broadcom-noreply@broadcom.com
Mail Delivery Subsystem,mailer-daemon@googlemail.com
MicroStar,ms-info@microstar.com.vn
JetBrains Account,no_reply@jetbrains.com
Be Group,no-reply@be.com.vn
TeamViewer,service-noreply@teamviewer.com
DELL,dell.myaccount.automated@dell.com
CITYGYM,customercare.info2@citigym.com.vn
ASUS,asus_member@asus.com
CITIGYM System,tramhd@citigym.com.vn
mywellness cloud,noreply@mywellness.com
Information - CITIGYM,citigym.info@citigym.com.vn
Notion,notify@mail.notion.so
Friends on Facebook,friends@facebookmail.com
Kaspersky Account,noreply@mail.account.uis.kaspersky.com
Dell Technologies,dell@em.home.dell.com
2Checkout (now Verifone) Noreply,no-reply@2checkout.com
Bethesda.net,noreply@bethesda.net
2Checkout (now Verifone) Support,support@2checkout.com
2Checkout (now Verifone) / Easeware Technology Limited,pay@2checkout.com
Apple Pay,noreply@applepay.apple.com
Xgear,sales@thenewxgear.com
Trang Facebook,pageupdates@facebookmail.com
Best of MSN (Start Unfold),msn@email2.microsoft.com
Start Daily,microsoft.start@email2.microsoft.com
Sacombank Card Center,sacombankapp@sacombank.com.vn
Happy Birthday on Facebook,birthdays@facebookmail.com
iCloud+,icloudplus@insideapple.apple.com
Dell Technologies,dell_technologies@em.home.dell.com
Facebook Messenger,messages@facebookmail.com
SHOPEE,no-reply@shopee.com
CINESTAR CINEMAS VIETNAM,code@cinestar.com.vn
Microsoft Copilot,copilot@engagement.microsoft.com
Golden Gate Restaurant Group,goldengate@ggg.com.vn
Cinestar,no-reply@cinestar.com.vn
Dich Vu Cong Bo Cong An Viet Nam,dichvucong@bocongan.gov.vn
Facebook,security@facebookmail.com
70MAI,account@account.70mai.com
Dell Notifications,no-reply@notifications.dell.com
Facebook,groupupdates@facebookmail.com
Dell Technologies Services,delltechnologiesservices@welisten.dell.com
Facebook,reminders@facebookmail.com
Pasarpolis,notification@pasarpolis.co.id
Microsoft Family Safety,familysafety@microsoft.com
Fuse,fuse@fuse.com.vn
Microsoft,msonlineservicesteam@microsoftonline.com
SHOPEE VIETNAM,support_vn@shopeepay.com
iTunes Store,do_not_reply@itunes.com
Shopee,info@shopee.sg
EA,ea@e.ea.com
NVIDIA Accounts,account@tmail.nvidia.com
Scribd,hello@accounts.scribd.com
Scribd,hello@hello.scribd.com
AIEDU,duhocaiedu@gmail.com
iCloud,do_not_reply@email.apple.com
Shopee Affiliate VN,affiliate_vn@email.shopee.vn
ESET,noreply@orders.eset.com
Shopee,info@shopee.com
YouTube,no-reply@youtube.com
Freepik Company,no-reply@freepik.com
Epic Games,store@mail.epicgames.com
Google,noreply-utos@google.com
Quizlet,newsletter@lifecycle.quizlet.com
Chegg,chegg@em.chegg.com
Typeform,no-reply@typeform.com
Remini,app@remini.ai
Shopee VN Email Support,cskh@hotro.shopee.vn
Epic Games,help@accts.epicgames.com
Now VN,news@now.vn
Vietcombank,vcbdigibank@info.vietcombank.com.vn
Opera Software,no-reply@auth.opera.com
PAYPAL,service@intl.paypal.com
The Insomnia Team,noreply@email.insomnia.rest
TikTok,no-reply@service.tiktok.com
Intel Customer,noreply@consumer.intel.com
Google Account,googleaccount-noreply@google.com
Lenovo ID Team,lpsadmin@idmail.lenovo.com
Google Maps,google-maps-noreply@google.com
Epic Games,store@epicgames.com
Apple Music,new@applemusic.com
TypeForm,hello@typeform.com
=?iso-8859-1?q?My=A0Kaspersky?=,noreply@mail.my.kaspersky.com
POPS,pops-support@pops.vn
=?utf-8?Q?C=C3=B4_L=C3=AA_Thu=C3=A2n_-_=C4=90=E1=BA=A1i_H=E1=BB=8Dc?=,thuan@daihoc.edu.vn
Typeform,talkwithus@typeform.com
DH FPT,dhfpt.hcm@noreply.fpt.com.vn
Trường ĐH Bách khoa,oisp@hcmut.edu.vn
Đại học Gia Định,tuyensinh@ptithcm.edu.vn
BROADCOM,customersupport@broadcom.com
Đại học Gia Định,tuyensinh@giadinh.edu.vn
Office of Admission,admission@hiu.vn
Golden SpoonS,no-reply@goldenspoons.com.vn
Epic Games,help@acct.epicgames.com
Thi tốt nghiệp THPT,admin3@thithptquocgia.edu.vn
Epic Games,help@epicgames.com
App Store,appstore@new.itunes.com
Thi tốt nghiệp THPT,admin@thithptquocgia.edu.vn
Razer Insider,insider@razer.com
Thi tốt nghiệp THPT,admin1@thithptquocgia.edu.vn
Viện Đào tạo Quốc tế Đại học NTT (NIIE),tuyensinh.niie@nttu.edu.vn
Nguyet Hoang,littlemoon0510@gmail.com
Broward,info@broward.edu.vn
DH FPT,chungnhan@schoolrankdhfpt.com
Trung tâm tuyển sinh và truyền thông HUFI,tttstt@hufi.edu.vn
Tuyen Sinh PVU,tuyensinh@pvu.edu.vn
Vbee AIVoice,noreply@vbee.vn
Vbee AIVoice,confirm@vbee.ai
YouTube,noreply@youtube.com
Facebook,update+zj4tj2yjaosc@facebookmail.com
Cao Dang FPT,caodang@fpt.edu.vn
Blackmagic Cloud,no-reply@cloud.blackmagicdesign.com
Marketing CitigymAsia,marketing@citigym.asia
Sacombank,info@sacombank.com.vn
Foxit Software,no-reply@mg.foxitsoftware.com
Shopee,info@mail.shopee.com.my
VPN Lumos,no-reply@vpnlumos.com
DELL,noreply@dell.com
Phong Quan He Doanh Nghiep (FU HCM),qhdn.fuhcm@fe.edu.vn
